,Date,Open,Close,High,Low,Volume
1,2020-05-25,8718.4,8726.39,8731.79,8712.01,296.859348
2,2020-05-25,8726.98,8720.57,8731.02,8698.14,252.657136
3,2020-05-25,8721.72,8741.1,8749.0,8721.61,255.193776
4,2020-05-25,8740.82,8727.55,8750.0,8726.47,227.09434
5,2020-05-25,8727.65,8737.79,8739.45,8716.42,172.960065
6,2020-05-25,8737.36,8760.0,8760.41,8734.5,234.701542
7,2020-05-25,8759.61,8754.69,8768.64,8747.61,258.467656
8,2020-05-25,8754.69,8735.69,8756.12,8733.33,159.685449
9,2020-05-25,8735.69,8752.41,8753.89,8729.41,221.996212
10,2020-05-25,8753.2,8770.0,8773.84,8752.6,214.437769
11,2020-05-25,8769.31,8742.69,8769.31,8731.52,288.691664
12,2020-05-25,8743.22,8752.44,8759.37,8738.19,142.908947
13,2020-05-25,8752.46,8768.49,8769.5,8745.0,205.268731
14,2020-05-25,8768.49,8766.64,8783.56,8763.58,345.373318
15,2020-05-25,8766.59,8759.83,8769.7,8753.13,160.499528
16,2020-05-25,8759.82,8773.13,8775.65,8756.0,168.162571
17,2020-05-25,8773.14,8765.55,8778.13,8765.38,170.412788
18,2020-05-25,8765.31,8776.35,8782.04,8764.79,178.582354
19,2020-05-25,8775.99,8763.42,8786.88,8754.0,313.735978
20,2020-05-25,8761.74,8769.16,8770.0,8752.0,117.072459
21,2020-05-25,8769.17,8761.01,8774.2,8742.9,255.554127
22,2020-05-25,8761.16,8765.01,8783.74,8761.15,163.046314
23,2020-05-25,8765.0,8765.01,8777.04,8762.36,115.677212
24,2020-05-25,8765.0,8753.96,8773.49,8746.46,203.6584
25,2020-05-25,8753.21,8738.51,8756.88,8728.41,331.299292
26,2020-05-25,8738.88,8754.88,8759.95,8738.87,148.059414
27,2020-05-25,8754.81,8737.0,8757.93,8730.01,174.218137
28,2020-05-25,8737.0,8761.0,8763.0,8732.66,242.184652
29,2020-05-25,8761.31,8768.65,8769.9,8750.0,213.635723
30,2020-05-25,8768.95,8770.57,8774.96,8764.61,182.442936
31,2020-05-25,8770.57,8752.59,8774.99,8751.01,129.622627
32,2020-05-25,8752.58,8779.18,8785.39,8750.12,260.663029
33,2020-05-25,8779.14,8814.14,8835.86,8776.41,682.835247
34,2020-05-25,8813.21,8829.05,8845.0,8813.18,501.064102
35,2020-05-25,8829.06,8833.71,8838.88,8820.64,305.386971
36,2020-05-25,8833.73,8818.65,8857.0,8817.5,519.281092
37,2020-05-25,8818.65,8828.49,8831.06,8818.65,205.85179
38,2020-05-25,8828.09,8815.63,8840.01,8810.68,203.410159
39,2020-05-25,8815.63,8820.99,8828.45,8813.01,206.464648
40,2020-05-25,8820.98,8806.69,8828.43,8795.16,405.815662
41,2020-05-25,8805.38,8801.63,8812.84,8794.37,188.069718
42,2020-05-25,8801.84,8815.29,8819.04,8796.49,128.193866
43,2020-05-25,8815.29,8806.02,8818.67,8804.28,156.895464
44,2020-05-25,8806.03,8803.73,8809.93,8797.47,132.670807
45,2020-05-25,8803.28,8755.95,8807.74,8744.39,651.797711
46,2020-05-25,8756.0,8760.0,8766.58,8742.53,301.654453
47,2020-05-25,8760.01,8762.1,8771.77,8754.74,250.633695
48,2020-05-25,8762.19,8755.4,8768.07,8745.0,180.815911
49,2020-05-25,8755.41,8770.28,8776.99,8754.02,203.563258
50,2020-05-25,8771.83,8766.16,8776.06,8760.38,155.899191
51,2020-05-25,8766.91,8769.32,8770.0,8760.0,142.797671
52,2020-05-25,8769.32,8767.05,8776.99,8765.47,129.867025
53,2020-05-25,8767.76,8790.0,8790.24,8765.46,158.727723
54,2020-05-25,8789.71,8789.58,8806.46,8785.0,292.975489
55,2020-05-25,8789.58,8789.43,8796.96,8782.71,140.83089
56,2020-05-25,8789.12,8772.01,8793.88,8769.0,166.249545
57,2020-05-25,8772.01,8782.44,8792.79,8766.03,171.112764
58,2020-05-25,8781.22,8771.73,8799.0,8762.27,157.174213
59,2020-05-25,8772.01,8813.57,8825.0,8772.01,272.215666
60,2020-05-25,8814.16,8816.26,8832.65,8813.01,274.923147
61,2020-05-25,8816.13,8829.24,8840.0,8807.78,256.530289
62,2020-05-25,8829.25,8812.79,8831.7,8812.79,150.996951
63,2020-05-25,8814.13,8803.89,8822.36,8801.0,124.739067
64,2020-05-25,8803.89,8820.59,8822.1,8803.89,233.942567
65,2020-05-25,8820.59,8808.0,8820.9,8803.46,152.165126
66,2020-05-25,8808.0,8839.99,8840.0,8808.0,256.819716
67,2020-05-25,8839.99,8820.12,8847.7,8820.0,260.152201
68,2020-05-25,8821.11,8813.44,8834.56,8791.0,233.352179
69,2020-05-25,8813.44,8810.07,8818.43,8801.33,101.395722
70,2020-05-25,8810.52,8795.74,8824.99,8795.67,144.65763
71,2020-05-25,8797.18,8809.95,8820.37,8792.3,176.40927
72,2020-05-25,8810.37,8812.35,8822.39,8807.93,69.190954
73,2020-05-25,8812.36,8802.09,8820.0,8801.0,119.271624
74,2020-05-25,8802.1,8805.01,8810.0,8797.93,103.540794
75,2020-05-25,8805.0,8815.42,8817.09,8800.03,131.332202
76,2020-05-25,8815.41,8858.03,8859.1,8804.29,338.672999
77,2020-05-25,8858.68,8858.44,8888.0,8847.59,690.068218
78,2020-05-25,8858.03,8857.22,8863.0,8846.18,238.389425
79,2020-05-25,8857.21,8893.0,8918.0,8855.0,756.021753
80,2020-05-25,8893.76,8888.06,8916.32,8885.09,497.681429
81,2020-05-25,8888.0,8893.5,8903.61,8882.29,254.146075
82,2020-05-25,8893.56,8894.93,8909.92,8879.15,387.121662
83,2020-05-25,8894.92,8886.04,8902.7,8885.41,191.481688
84,2020-05-25,8886.98,8874.56,8891.48,8870.0,194.111303
85,2020-05-25,8874.56,8881.62,8883.14,8872.24,174.320893
86,2020-05-25,8881.62,8883.99,8893.99,8879.31,200.384495
87,2020-05-25,8883.98,8889.86,8896.34,8860.0,316.22736
88,2020-05-26,8890.01,8871.44,8891.0,8868.64,84.907481
89,2020-05-26,8871.12,8879.89,8886.0,8870.25,84.084386
90,2020-05-26,8880.37,8882.69,8888.0,8875.08,113.379314
91,2020-05-26,8882.25,8888.91,8894.0,8870.0,145.764438
92,2020-05-26,8888.91,8883.8,8891.4,8873.32,163.046841
93,2020-05-26,8884.0,8886.17,8899.06,8880.97,177.845344
94,2020-05-26,8885.71,8877.71,8899.98,8871.46,227.23846
95,2020-05-26,8877.7,8929.99,8944.06,8874.16,615.387066
96,2020-05-26,8929.98,8922.84,8932.64,8911.45,270.382025
97,2020-05-26,8922.92,8940.01,8960.0,8922.92,476.15184
98,2020-05-26,8940.0,8933.04,8942.0,8920.88,183.902535
99,2020-05-26,8933.04,8950.4,8955.0,8933.04,219.251074
100,2020-05-26,8951.0,8943.58,8954.99,8936.74,202.462062
101,2020-05-26,8943.75,8932.87,8946.37,8924.36,281.140793
102,2020-05-26,8932.81,8940.58,8957.99,8932.81,251.994873
103,2020-05-26,8940.59,8948.32,8979.66,8938.03,517.464288
104,2020-05-26,8947.9,8935.38,8954.3,8933.48,152.764753
105,2020-05-26,8935.37,8928.06,8944.39,8927.51,99.692604
106,2020-05-26,8928.06,8936.78,8950.0,8928.03,158.970627
107,2020-05-26,8936.51,8928.82,8939.49,8926.96,98.856492
108,2020-05-26,8928.49,8939.53,8944.35,8923.4,182.547632
109,2020-05-26,8939.15,8908.96,8940.0,8904.16,224.042594
110,2020-05-26,8908.96,8913.18,8920.56,8905.01,148.101095
111,2020-05-26,8913.16,8902.98,8923.0,8896.13,206.437748
112,2020-05-26,8902.97,8911.7,8916.48,8902.92,111.122192
113,2020-05-26,8911.7,8923.0,8924.98,8905.7,90.081846
114,2020-05-26,8923.0,8923.0,8925.96,8920.96,70.371989
115,2020-05-26,8923.0,8912.09,8924.0,8909.55,100.383998
116,2020-05-26,8912.08,8909.94,8914.14,8903.67,88.175004
117,2020-05-26,8909.95,8913.54,8914.63,8906.17,89.697323
118,2020-05-26,8913.53,8923.98,8926.55,8913.21,120.812116
119,2020-05-26,8923.98,8917.86,8923.98,8911.78,62.507481
120,2020-05-26,8917.86,8888.66,8920.0,8886.61,140.071429
121,2020-05-26,8888.66,8901.4,8906.88,8888.0,166.998508
122,2020-05-26,8901.4,8891.96,8903.42,8887.84,146.159542
123,2020-05-26,8892.08,8879.97,8896.81,8876.15,143.274161
124,2020-05-26,8879.99,8866.52,8886.99,8862.01,239.010191
125,2020-05-26,8865.29,8881.64,8888.0,8860.98,172.437532
126,2020-05-26,8881.64,8895.15,8897.9,8879.12,88.250707
127,2020-05-26,8895.25,8900.23,8907.02,8895.0,107.830652
128,2020-05-26,8899.74,8886.31,8901.58,8885.08,61.674149
129,2020-05-26,8886.31,8900.0,8902.41,8885.01,62.900765
130,2020-05-26,8899.42,8912.99,8914.0,8899.42,97.432613
131,2020-05-26,8912.98,8912.07,8923.57,8904.82,138.97482
132,2020-05-26,8912.07,8893.09,8912.07,8893.0,69.202068
133,2020-05-26,8894.33,8879.2,8896.98,8877.08,86.504454
134,2020-05-26,8879.2,8888.69,8894.99,8878.72,77.699454
135,2020-05-26,8889.42,8892.78,8894.02,8865.1,101.407851
136,2020-05-26,8892.33,8904.43,8908.96,8889.99,111.426977
137,2020-05-26,8903.97,8907.21,8908.74,8894.34,93.836996
138,2020-05-26,8907.23,8906.71,8916.66,8900.0,166.671329
139,2020-05-26,8905.85,8894.0,8906.7,8892.72,54.778982
140,2020-05-26,8894.0,8885.12,8904.29,8880.0,89.857675
141,2020-05-26,8885.05,8903.3,8903.34,8881.0,82.254663
142,2020-05-26,8903.24,8918.59,8932.0,8903.2,156.568158
143,2020-05-26,8918.55,8925.76,8940.0,8918.54,151.837176
144,2020-05-26,8925.35,8927.66,8928.32,8915.0,128.769847
145,2020-05-26,8927.29,8916.49,8930.79,8915.0,114.676435
146,2020-05-26,8916.48,8930.34,8933.55,8915.17,126.217631
147,2020-05-26,8930.34,8913.6,8934.67,8908.16,173.000446
148,2020-05-26,8912.33,8914.22,8915.68,8899.77,138.436561
149,2020-05-26,8914.22,8914.66,8920.0,8908.91,43.844883
150,2020-05-26,8914.98,8908.11,8914.99,8901.0,81.865167
151,2020-05-26,8908.11,8908.34,8917.69,8904.0,109.803294
152,2020-05-26,8908.33,8900.0,8909.01,8893.56,162.189228
153,2020-05-26,8901.52,8900.35,8904.39,8889.9,108.298631
154,2020-05-26,8900.35,8914.0,8925.0,8883.7,220.254711
155,2020-05-26,8914.3,8902.5,8923.0,8895.66,243.150654
156,2020-05-26,8902.8,8918.01,8922.91,8902.35,196.889197
157,2020-05-26,8918.01,8901.6,8923.0,8900.0,198.342602
158,2020-05-26,8902.01,8894.01,8904.74,8890.0,108.879922
159,2020-05-26,8894.01,8839.02,8902.0,8822.74,631.307055
160,2020-05-26,8838.57,8852.95,8871.83,8830.29,203.884017
161,2020-05-26,8853.38,8842.28,8869.06,8839.68,153.379905
162,2020-05-26,8842.27,8846.13,8862.49,8835.92,322.771762
163,2020-05-26,8846.14,8854.32,8862.92,8842.92,208.831132
164,2020-05-26,8854.32,8849.82,8870.98,8848.11,138.23853
165,2020-05-26,8849.92,8866.06,8866.5,8845.02,130.049505
166,2020-05-26,8866.21,8875.42,8879.0,8865.77,125.333353
167,2020-05-26,8875.43,8875.32,8878.93,8858.42,121.650386
168,2020-05-26,8875.32,8880.89,8882.35,8856.92,149.240716
169,2020-05-26,8880.89,8880.6,8892.25,8871.62,149.347487
170,2020-05-26,8880.71,8880.6,8883.17,8870.0,109.692293
171,2020-05-26,8880.61,8880.99,8887.17,8876.18,98.921299
172,2020-05-26,8881.0,8869.52,8881.27,8864.08,140.838329
173,2020-05-26,8869.51,8873.06,8877.94,8860.1,93.116789
174,2020-05-26,8873.06,8862.36,8875.06,8856.07,125.399701
175,2020-05-26,8861.82,8870.85,8873.0,8860.24,84.344586
176,2020-05-26,8870.83,8879.8,8883.46,8869.98,74.524309
177,2020-05-26,8879.8,8881.53,8888.11,8870.6,123.711607
178,2020-05-26,8881.53,8882.23,8890.0,8880.01,90.392971
179,2020-05-26,8882.45,8897.11,8899.0,8871.89,120.789997
180,2020-05-26,8897.67,8910.14,8914.46,8890.01,198.103074
181,2020-05-26,8909.28,8902.47,8912.07,8900.0,143.678884
182,2020-05-26,8901.97,8905.2,8910.9,8896.08,92.381711
183,2020-05-26,8905.2,8906.77,8910.55,8892.03,126.98909
184,2020-05-26,8906.68,8890.26,8917.88,8888.96,201.057164
185,2020-05-26,8890.88,8892.74,8897.62,8886.53,62.507092
186,2020-05-26,8892.42,8895.76,8897.59,8882.91,99.378423
187,2020-05-26,8895.76,8884.52,8897.0,8873.97,155.054708
188,2020-05-26,8884.44,8887.35,8892.15,8881.61,77.454083
189,2020-05-26,8887.35,8882.4,8895.79,8880.0,103.467726
190,2020-05-26,8881.96,8904.51,8905.48,8871.58,106.381973
191,2020-05-26,8904.51,8903.94,8909.23,8891.57,122.939201
192,2020-05-26,8903.94,8894.6,8905.46,8890.0,86.268436
193,2020-05-26,8894.37,8910.99,8915.17,8891.89,102.219702
194,2020-05-26,8911.0,8906.04,8911.16,8900.83,157.944791
195,2020-05-26,8906.06,8906.0,8913.07,8900.5,142.745709
196,2020-05-26,8906.0,8923.05,8930.0,8906.0,300.709434
197,2020-05-26,8923.45,8911.44,8925.6,8908.18,107.632803
198,2020-05-26,8911.48,8910.0,8920.0,8910.0,54.231808
199,2020-05-26,8910.0,8916.12,8923.04,8906.89,95.352307
200,2020-05-26,8916.87,8905.79,8927.38,8905.0,113.751877
201,2020-05-26,8905.6,8903.76,8914.62,8896.72,202.939193
202,2020-05-26,8903.75,8905.89,8907.69,8889.0,141.686279
203,2020-05-26,8905.9,8914.99,8915.0,8898.73,134.290739
204,2020-05-26,8914.99,8905.01,8917.36,8903.43,92.477445
205,2020-05-26,8905.47,8897.79,8909.3,8892.73,126.708169
206,2020-05-26,8897.66,8895.59,8899.22,8880.15,117.213107
207,2020-05-26,8895.8,8893.67,8900.0,8890.02,76.306804
208,2020-05-26,8893.67,8916.56,8921.92,8891.0,181.692463
209,2020-05-26,8917.0,8916.22,8925.0,8905.8,149.017439
210,2020-05-26,8916.8,8920.79,8926.26,8914.66,181.058839
211,2020-05-26,8920.8,8917.64,8925.63,8913.22,89.040758
212,2020-05-26,8917.82,8915.52,8917.82,8896.99,134.441482
213,2020-05-26,8915.72,8905.82,8919.52,8903.16,85.198921
214,2020-05-26,8905.37,8914.62,8920.0,8896.98,126.935582
215,2020-05-26,8914.6,8896.57,8921.68,8893.49,131.81034
216,2020-05-26,8896.13,8900.84,8910.85,8896.13,81.294457
217,2020-05-26,8900.64,8908.27,8917.65,8900.07,108.349643
218,2020-05-26,8908.06,8899.12,8910.41,8891.93,125.499437
219,2020-05-26,8898.56,8905.82,8911.0,8893.81,144.476341
220,2020-05-26,8906.05,8908.69,8913.69,8905.36,83.549535
221,2020-05-26,8908.5,8913.71,8916.38,8903.39,81.59041
222,2020-05-26,8913.71,8921.94,8926.25,8908.08,243.593013
223,2020-05-26,8923.61,8925.2,8935.0,8922.11,359.160742
224,2020-05-26,8925.53,8929.79,8932.03,8920.84,125.224851
225,2020-05-26,8929.8,8937.43,8940.0,8925.09,313.783126
226,2020-05-26,8937.42,8928.32,8940.0,8922.65,202.016267
227,2020-05-26,8928.98,8920.46,8928.98,8916.81,141.428385
228,2020-05-26,8920.03,8918.72,8924.87,8914.6,136.704834
229,2020-05-26,8918.72,8913.43,8927.71,8912.17,112.15476
230,2020-05-26,8914.13,8914.83,8919.56,8907.24,180.892393
231,2020-05-26,8914.52,8904.98,8919.99,8899.99,241.304076
232,2020-05-26,8904.98,8889.64,8904.98,8883.42,261.127724
233,2020-05-26,8889.54,8896.97,8903.77,8889.1,132.184449
234,2020-05-26,8897.0,8895.04,8898.57,8883.67,237.620516
235,2020-05-26,8895.04,8898.57,8899.99,8891.0,109.94444
236,2020-05-26,8898.65,8902.79,8909.45,8897.93,121.437374
237,2020-05-26,8902.79,8887.59,8907.83,8881.26,156.772721
238,2020-05-26,8888.69,8881.0,8894.99,8876.61,208.928737
239,2020-05-26,8880.34,8873.25,8881.54,8860.05,408.365486
240,2020-05-26,8873.25,8883.43,8887.31,8870.75,119.668651
241,2020-05-26,8883.42,8882.69,8885.0,8874.68,146.322395
242,2020-05-26,8884.01,8892.09,8897.93,8884.01,170.087215
243,2020-05-26,8892.46,8918.09,8918.09,8891.56,316.4381
244,2020-05-26,8918.29,8964.7,8965.0,8918.29,1334.520782
245,2020-05-26,8962.35,8948.35,8962.99,8938.15,288.503407
246,2020-05-26,8948.34,8953.27,8957.72,8943.01,178.993446
247,2020-05-26,8953.27,8942.17,8954.38,8940.01,164.171493
248,2020-05-26,8942.15,8954.77,8964.69,8942.15,422.702099
249,2020-05-26,8954.77,8957.49,8959.76,8947.47,171.433836
250,2020-05-26,8956.83,8960.19,8963.52,8943.01,270.284941
251,2020-05-26,8960.18,8993.7,9017.67,8955.22,1128.257224
252,2020-05-26,8993.86,8999.37,9002.48,8980.86,503.903899
253,2020-05-26,8999.1,8984.82,9000.53,8982.96,299.448087
254,2020-05-26,8984.82,8992.36,8992.99,8978.8,229.232135
255,2020-05-26,8992.36,8993.0,8993.62,8980.48,225.681315
256,2020-05-26,8992.99,8971.95,8995.0,8970.0,245.073748
257,2020-05-26,8971.95,8971.98,8974.31,8958.0,165.001581
258,2020-05-26,8971.97,8972.68,8983.3,8965.0,166.588983
259,2020-05-26,8972.68,8967.13,8979.0,8966.0,168.78034
260,2020-05-26,8967.19,8956.36,8975.99,8950.0,176.073512
261,2020-05-26,8956.28,8960.01,8970.0,8954.61,169.742884
262,2020-05-26,8960.01,8953.65,8963.03,8931.42,385.223008
263,2020-05-26,8953.65,8958.64,8962.81,8947.29,151.864039
264,2020-05-26,8958.99,8953.44,8959.0,8948.92,88.789739
265,2020-05-26,8953.35,8957.34,8958.99,8944.03,176.591167
266,2020-05-26,8957.33,8952.01,8993.0,8951.0,362.583542
267,2020-05-26,8952.01,8930.38,8956.95,8920.74,361.461414
268,2020-05-26,8930.37,8894.0,8931.74,8870.0,795.784987
269,2020-05-26,8893.01,8903.66,8910.05,8884.47,320.723623
270,2020-05-26,8902.91,8902.62,8908.0,8888.0,171.040741
271,2020-05-26,8903.04,8895.67,8909.36,8883.0,225.76446
272,2020-05-26,8895.67,8894.34,8904.4,8891.86,192.353026
273,2020-05-26,8894.34,8893.7,8905.76,8888.43,141.147648
274,2020-05-26,8893.7,8863.67,8893.91,8832.38,1110.510706
275,2020-05-26,8864.12,8856.47,8878.41,8845.95,300.060414
276,2020-05-26,8857.99,8869.1,8874.38,8848.57,236.326033
277,2020-05-26,8869.65,8873.99,8875.0,8860.0,192.196003
278,2020-05-26,8873.98,8884.22,8888.73,8866.0,341.492644
279,2020-05-26,8884.22,8892.37,8897.29,8872.27,168.2703
280,2020-05-26,8892.37,8873.9,8893.64,8871.89,144.310993
281,2020-05-26,8872.76,8876.3,8878.41,8863.79,103.138521
282,2020-05-26,8876.29,8888.15,8900.0,8863.79,209.321201
283,2020-05-26,8888.16,8879.57,8893.51,8879.55,129.701454
284,2020-05-26,8879.57,8869.34,8887.53,8868.0,223.314792
285,2020-05-26,8869.26,8861.41,8885.64,8861.0,218.153733
286,2020-05-26,8861.51,8865.89,8872.7,8851.0,251.301299
287,2020-05-26,8865.89,8869.65,8877.28,8861.71,135.699576
288,2020-05-26,8869.86,8867.24,8877.0,8865.68,163.969643
289,2020-05-26,8867.27,8853.64,8868.16,8845.0,176.269107
290,2020-05-26,8853.66,8873.26,8873.82,8853.66,121.848188
291,2020-05-26,8873.26,8859.15,8873.73,8852.03,147.30654
292,2020-05-26,8859.16,8852.35,8860.0,8841.0,189.998853
293,2020-05-26,8852.42,8869.71,8878.5,8852.14,160.638204
294,2020-05-26,8869.7,8861.37,8873.42,8860.75,93.072353
295,2020-05-26,8861.37,8870.01,8872.1,8855.79,104.790659
296,2020-05-26,8870.0,8879.84,8883.0,8870.0,144.124622
297,2020-05-26,8879.84,8869.15,8886.0,8862.17,165.746249
298,2020-05-26,8869.32,8873.03,8873.84,8851.24,148.241068
299,2020-05-26,8873.95,8898.35,8914.56,8872.83,350.061044
300,2020-05-26,8898.33,8893.0,8908.55,8890.57,258.015583
301,2020-05-26,8894.05,8886.7,8901.9,8886.0,142.432491
302,2020-05-26,8886.69,8822.64,8893.97,8808.9,669.243517
303,2020-05-26,8821.79,8829.98,8839.71,8820.55,361.420975
304,2020-05-26,8829.99,8809.96,8829.99,8788.04,739.900704
305,2020-05-26,8809.98,8810.4,8820.83,8790.0,392.761704
306,2020-05-26,8810.63,8809.38,8824.03,8802.94,226.083785
307,2020-05-26,8809.38,8824.28,8825.0,8800.0,168.857613
308,2020-05-26,8822.92,8812.78,8824.99,8811.9,125.450057
309,2020-05-26,8814.03,8817.21,8820.0,8797.61,281.09653
310,2020-05-26,8816.76,8806.6,8817.5,8785.03,298.888249
311,2020-05-26,8806.59,8817.74,8825.0,8805.97,243.323949
312,2020-05-26,8817.74,8823.91,8830.0,8810.01,155.763321
313,2020-05-26,8824.04,8823.5,8828.92,8818.28,156.223147
314,2020-05-26,8824.41,8820.92,8833.3,8814.01,205.395436
315,2020-05-26,8820.93,8845.75,8862.0,8820.28,467.615994
316,2020-05-26,8846.46,8836.47,8846.81,8833.4,149.085008
317,2020-05-26,8836.48,8832.82,8846.63,8827.13,166.725944
318,2020-05-26,8832.78,8840.88,8843.99,8830.87,132.0527
319,2020-05-26,8840.81,8825.0,8847.54,8825.0,153.461912
320,2020-05-26,8825.0,8808.56,8827.68,8806.21,197.714912
321,2020-05-26,8808.71,8809.22,8816.66,8800.33,199.772813
322,2020-05-26,8809.15,8812.63,8816.44,8791.91,300.760895
323,2020-05-26,8812.62,8822.9,8828.94,8811.0,230.792661
324,2020-05-26,8822.9,8835.27,8845.0,8816.88,261.255419
325,2020-05-26,8835.58,8826.2,8840.0,8824.72,149.081109
326,2020-05-26,8826.43,8841.58,8851.15,8824.53,212.411336
327,2020-05-26,8841.79,8846.73,8858.96,8836.39,195.990963
328,2020-05-26,8846.1,8855.98,8858.0,8837.51,125.01328
329,2020-05-26,8855.99,8818.47,8857.89,8808.11,363.845242
330,2020-05-26,8817.83,8823.28,8828.88,8816.75,247.470438
331,2020-05-26,8823.36,8834.38,8837.32,8823.35,140.884117
332,2020-05-26,8833.14,8820.25,8833.88,8814.68,156.595407
333,2020-05-26,8820.26,8817.17,8830.76,8813.95,112.158993
334,2020-05-26,8817.5,8835.0,8837.25,8812.31,147.261445
335,2020-05-26,8835.0,8821.13,8837.26,8819.67,95.348956
336,2020-05-26,8821.33,8819.73,8824.76,8811.31,188.490506
337,2020-05-26,8819.72,8825.0,8828.29,8807.16,199.213974
338,2020-05-26,8825.18,8820.85,8831.07,8820.0,135.009328
339,2020-05-26,8820.85,8755.0,8820.86,8730.45,1272.15106
340,2020-05-26,8755.01,8752.69,8759.95,8720.0,589.886558
341,2020-05-26,8752.69,8768.44,8769.89,8749.0,391.461535
342,2020-05-26,8768.44,8754.14,8768.45,8742.02,368.655895
343,2020-05-26,8754.14,8769.0,8769.0,8745.62,276.297464
344,2020-05-26,8768.99,8758.29,8769.23,8753.3,277.868014
345,2020-05-26,8758.19,8726.6,8771.0,8705.0,753.364214
346,2020-05-26,8726.6,8766.63,8780.0,8700.0,1150.890468
347,2020-05-26,8768.02,8773.36,8785.62,8760.0,399.511588
348,2020-05-26,8773.36,8784.29,8794.1,8763.86,491.783885
349,2020-05-26,8784.36,8786.72,8795.22,8768.65,311.195679
350,2020-05-26,8786.67,8782.9,8790.59,8770.37,228.455164
351,2020-05-26,8782.79,8790.25,8808.45,8772.81,264.510211
352,2020-05-26,8790.25,8786.35,8791.84,8775.12,139.140769
353,2020-05-26,8786.29,8782.87,8788.05,8770.83,164.610056
354,2020-05-26,8782.84,8771.36,8786.11,8769.45,174.253194
355,2020-05-26,8772.38,8789.77,8795.0,8771.02,181.309511
356,2020-05-26,8789.76,8776.39,8794.39,8774.54,179.991232
357,2020-05-26,8776.53,8790.01,8792.61,8772.51,138.017386
358,2020-05-26,8790.01,8788.26,8793.86,8782.73,150.278931
359,2020-05-26,8788.1,8797.53,8805.56,8785.42,260.110096
360,2020-05-26,8797.57,8805.88,8819.18,8795.38,255.644649
361,2020-05-26,8805.88,8801.34,8814.19,8800.0,165.147237
362,2020-05-26,8802.15,8812.72,8815.6,8800.0,163.010194
363,2020-05-26,8812.73,8812.09,8820.0,8810.5,165.892238
364,2020-05-26,8812.21,8796.29,8817.49,8795.0,176.007945
365,2020-05-26,8795.85,8799.03,8801.59,8788.88,133.266028
366,2020-05-26,8799.03,8807.02,8814.7,8796.58,118.472433
367,2020-05-26,8807.04,8808.55,8808.61,8796.65,101.191616
368,2020-05-26,8808.64,8813.51,8819.99,8807.04,116.689651
369,2020-05-26,8814.29,8811.03,8815.02,8805.0,88.902641
370,2020-05-26,8810.67,8812.0,8819.99,8804.96,114.385509
371,2020-05-26,8812.01,8796.72,8815.91,8796.72,99.700612
372,2020-05-26,8798.02,8800.0,8807.57,8795.0,229.034793
373,2020-05-26,8800.0,8795.0,8802.71,8792.0,159.892819
374,2020-05-26,8795.0,8805.04,8815.0,8793.68,309.565849
375,2020-05-26,8805.04,8814.36,8814.52,8802.07,115.337949
376,2020-05-27,8814.17,8813.13,8814.36,8806.43,117.45601
377,2020-05-27,8813.13,8802.99,8815.64,8802.0,93.677429
378,2020-05-27,8803.0,8805.76,8806.54,8796.02,89.557872
379,2020-05-27,8805.77,8804.6,8817.09,8801.78,91.412024
380,2020-05-27,8804.6,8809.69,8809.99,8797.0,129.547178
381,2020-05-27,8809.63,8810.99,8813.45,8800.57,80.836364
382,2020-05-27,8810.99,8804.61,8811.0,8800.01,115.862183
383,2020-05-27,8804.61,8799.89,8805.19,8795.4,113.183102
384,2020-05-27,8799.82,8781.91,8801.87,8777.29,317.208473
385,2020-05-27,8782.15,8785.0,8795.0,8779.85,157.10333
386,2020-05-27,8785.0,8781.23,8786.5,8766.01,194.235648
387,2020-05-27,8781.97,8779.15,8788.31,8775.0,82.382865
388,2020-05-27,8779.19,8776.5,8792.53,8773.87,157.238026
389,2020-05-27,8776.5,8767.41,8786.3,8760.2,160.665024
390,2020-05-27,8767.49,8778.93,8783.31,8767.48,106.768134
391,2020-05-27,8779.15,8780.0,8788.99,8776.78,103.796322
392,2020-05-27,8780.0,8788.99,8790.0,8777.33,127.020009
393,2020-05-27,8789.34,8800.0,8801.37,8789.34,294.212446
394,2020-05-27,8800.0,8821.98,8835.0,8799.99,354.651984
395,2020-05-27,8821.99,8830.16,8837.25,8821.99,210.525651
396,2020-05-27,8830.25,8835.1,8839.0,8820.01,139.502247
397,2020-05-27,8835.12,8840.02,8846.33,8829.85,211.167092
398,2020-05-27,8840.25,8842.56,8843.11,8829.03,112.974823
399,2020-05-27,8842.57,8827.16,8842.85,8826.05,167.652158
400,2020-05-27,8828.34,8835.99,8840.22,8823.67,128.493338
401,2020-05-27,8836.08,8844.58,8849.0,8836.08,184.927676
402,2020-05-27,8844.57,8834.93,8847.58,8831.5,128.004988
403,2020-05-27,8835.73,8870.79,8880.0,8832.78,386.523786
404,2020-05-27,8870.78,8866.49,8880.0,8862.25,290.712244
405,2020-05-27,8866.49,8856.2,8868.69,8855.16,86.000011
406,2020-05-27,8855.93,8859.63,8868.94,8855.08,139.248765
407,2020-05-27,8860.42,8861.1,8864.5,8855.29,101.043299
408,2020-05-27,8861.24,8860.01,8880.0,8857.48,144.79323
409,2020-05-27,8860.0,8841.3,8860.89,8841.3,131.845902
410,2020-05-27,8841.3,8837.16,8844.44,8825.63,197.431239
411,2020-05-27,8837.37,8840.67,8850.0,8833.92,127.447005
412,2020-05-27,8841.65,8846.99,8849.49,8835.2,80.130008
413,2020-05-27,8847.0,8846.44,8859.03,8845.37,106.286417
414,2020-05-27,8847.29,8855.61,8860.43,8846.36,110.36828
415,2020-05-27,8855.9,8842.18,8860.51,8840.0,93.232648
416,2020-05-27,8842.09,8836.92,8850.0,8836.04,76.255421
417,2020-05-27,8836.92,8842.25,8845.65,8835.01,58.214105
418,2020-05-27,8842.98,8839.06,8843.61,8832.48,116.453854
419,2020-05-27,8838.68,8839.98,8843.95,8833.08,69.840465
420,2020-05-27,8840.23,8834.51,8843.86,8832.74,62.533905
421,2020-05-27,8835.75,8831.83,8841.99,8819.09,174.297664
422,2020-05-27,8831.83,8812.03,8834.52,8801.12,200.414559
423,2020-05-27,8810.85,8820.55,8821.43,8807.28,146.440872
424,2020-05-27,8820.55,8808.8,8820.97,8803.3,196.318583
425,2020-05-27,8808.74,8824.99,8830.0,8805.9,192.352123
426,2020-05-27,8824.99,8834.16,8839.95,8821.16,116.482749
427,2020-05-27,8834.29,8829.73,8838.83,8828.57,59.455938
428,2020-05-27,8829.71,8824.07,8829.72,8817.37,96.873292
429,2020-05-27,8824.4,8834.92,8837.65,8824.4,75.406278
430,2020-05-27,8834.59,8839.22,8843.85,8834.59,95.999142
431,2020-05-27,8839.14,8851.93,8855.0,8827.18,174.703378
432,2020-05-27,8852.34,8845.63,8859.0,8844.23,118.870377
433,2020-05-27,8845.65,8843.23,8847.54,8835.06,90.588176
434,2020-05-27,8843.24,8836.35,8849.91,8835.0,94.731235
435,2020-05-27,8836.0,8827.09,8837.45,8827.09,66.086891
436,2020-05-27,8828.21,8829.23,8842.0,8826.19,117.815681
437,2020-05-27,8829.34,8822.85,8834.92,8821.46,85.989103
438,2020-05-27,8822.82,8834.47,8838.31,8815.0,117.112243
439,2020-05-27,8834.47,8830.0,8835.26,8823.92,72.629092
440,2020-05-27,8830.26,8845.22,8845.82,8830.0,79.038397
441,2020-05-27,8845.32,8841.18,8849.11,8840.0,85.130145
442,2020-05-27,8841.0,8855.01,8855.01,8832.61,178.505551
443,2020-05-27,8852.9,8864.71,8870.82,8852.75,217.106337
444,2020-05-27,8864.19,8854.63,8864.19,8851.68,115.296046
445,2020-05-27,8854.63,8848.52,8865.05,8841.69,306.441592
446,2020-05-27,8848.77,8867.32,8870.15,8848.52,160.512261
447,2020-05-27,8866.88,8863.58,8875.54,8858.69,154.992989
448,2020-05-27,8863.57,8853.94,8871.25,8850.0,85.776202
449,2020-05-27,8854.57,8852.67,8864.13,8849.16,56.46377
450,2020-05-27,8852.95,8888.11,8895.16,8850.25,332.958332
451,2020-05-27,8886.45,8870.13,8897.8,8869.4,363.844596
452,2020-05-27,8870.46,8876.73,8883.32,8869.54,125.119241
453,2020-05-27,8876.56,8886.87,8888.0,8874.6,184.657434
454,2020-05-27,8886.88,8863.62,8893.0,8861.49,140.472864
455,2020-05-27,8863.62,8863.33,8867.11,8859.05,92.351894
456,2020-05-27,8864.0,8863.27,8874.1,8856.01,125.620085
457,2020-05-27,8862.8,8863.06,8873.96,8858.66,76.186002
458,2020-05-27,8863.07,8868.61,8870.0,8854.69,75.46671
459,2020-05-27,8869.56,8859.12,8870.72,8857.15,78.862842
460,2020-05-27,8859.15,8859.36,8865.16,8855.0,58.339293
461,2020-05-27,8859.55,8864.24,8866.58,8853.0,112.303221
462,2020-05-27,8863.8,8861.6,8865.06,8852.74,64.820132
463,2020-05-27,8861.6,8869.2,8869.2,8860.0,93.761316
464,2020-05-27,8869.2,8859.91,8872.26,8851.59,119.533297
465,2020-05-27,8859.91,8855.0,8862.39,8845.79,94.274966
466,2020-05-27,8855.0,8871.74,8872.75,8855.0,294.456182
467,2020-05-27,8871.74,8873.78,8876.17,8866.74,144.579833
468,2020-05-27,8873.77,8867.13,8877.63,8865.0,85.62869
469,2020-05-27,8867.12,8868.0,8876.65,8863.42,116.177757
470,2020-05-27,8868.0,8873.19,8874.85,8861.16,78.321764
471,2020-05-27,8873.19,8860.01,8878.16,8860.0,93.451186
472,2020-05-27,8860.01,8852.84,8863.39,8852.24,87.728018
473,2020-05-27,8852.85,8835.16,8854.71,8826.06,258.401865
474,2020-05-27,8834.4,8838.26,8849.21,8831.9,97.596378
475,2020-05-27,8838.25,8837.5,8847.0,8830.93,84.374646
476,2020-05-27,8839.39,8826.53,8845.0,8825.99,115.878859
477,2020-05-27,8826.15,8822.59,8834.9,8811.73,270.138158
478,2020-05-27,8821.76,8834.38,8843.53,8820.43,139.262373
479,2020-05-27,8834.38,8835.33,8843.53,8830.73,88.764719
480,2020-05-27,8835.34,8837.62,8842.0,8834.75,65.304127
481,2020-05-27,8837.92,8835.83,8840.0,8832.19,58.576847
482,2020-05-27,8835.83,8833.22,8837.19,8828.3,107.485076
483,2020-05-27,8833.39,8840.61,8843.24,8827.16,77.421301
484,2020-05-27,8840.61,8846.97,8848.74,8838.06,91.254943
485,2020-05-27,8846.97,8837.86,8854.68,8835.47,102.752858
486,2020-05-27,8837.79,8841.64,8849.81,8835.0,94.985138
487,2020-05-27,8841.64,8842.68,8852.72,8839.25,74.722016
488,2020-05-27,8842.68,8844.23,8854.09,8842.02,94.861017
489,2020-05-27,8843.64,8828.9,8849.25,8827.6,119.14494
490,2020-05-27,8829.12,8839.56,8848.14,8828.82,74.852776
491,2020-05-27,8839.88,8848.92,8849.0,8833.15,64.078711
492,2020-05-27,8848.92,8836.72,8848.99,8836.65,59.005241
493,2020-05-27,8836.72,8840.53,8842.87,8831.86,70.677869
494,2020-05-27,8840.53,8837.03,8849.51,8837.02,66.920929
495,2020-05-27,8837.03,8830.51,8837.89,8825.0,120.301368
496,2020-05-27,8831.27,8835.71,8842.06,8825.43,82.483148
497,2020-05-27,8835.73,8838.45,8845.03,8832.37,85.781506
498,2020-05-27,8838.45,8833.72,8838.66,8830.0,96.847246
499,2020-05-27,8833.72,8846.08,8849.47,8829.01,152.35068
500,2020-05-27,8846.08,8854.0,8858.5,8846.08,152.2642
501,2020-05-27,8854.06,8859.62,8860.68,8848.78,134.643439
502,2020-05-27,8859.65,8860.78,8867.23,8856.27,154.159742
503,2020-05-27,8860.78,8858.02,8868.85,8855.35,314.749076
504,2020-05-27,8858.02,8858.8,8865.92,8855.35,123.399945
505,2020-05-27,8859.99,8874.88,8876.0,8859.99,181.458858
506,2020-05-27,8874.87,8867.04,8881.69,8866.36,188.513603
507,2020-05-27,8867.7,8869.5,8875.26,8866.5,105.058024
508,2020-05-27,8869.67,8869.24,8874.4,8866.76,120.559864
509,2020-05-27,8869.66,8868.33,8876.58,8866.58,65.054166
510,2020-05-27,8868.37,8862.06,8869.65,8860.0,84.692602
511,2020-05-27,8860.41,8869.0,8871.81,8858.11,69.096559
512,2020-05-27,8869.01,8868.48,8876.82,8867.53,105.316259
513,2020-05-27,8868.48,8878.0,8878.61,8868.14,107.267137
514,2020-05-27,8878.0,8860.41,8887.75,8858.65,220.284571
515,2020-05-27,8858.86,8857.3,8862.08,8851.19,157.393521
516,2020-05-27,8857.29,8856.78,8860.0,8850.0,100.149841
517,2020-05-27,8856.74,8860.0,8862.74,8852.5,84.332049
518,2020-05-27,8860.01,8853.69,8861.51,8849.92,117.288709
519,2020-05-27,8853.69,8847.56,8855.0,8845.0,76.292782
520,2020-05-27,8847.62,8844.97,8855.0,8843.83,125.238263
521,2020-05-27,8844.97,8845.06,8851.71,8840.0,165.487781
522,2020-05-27,8845.06,8837.52,8848.99,8836.44,77.27614
523,2020-05-27,8837.52,8844.15,8845.56,8831.82,144.223108
524,2020-05-27,8844.16,8840.73,8848.73,8835.32,97.04901
525,2020-05-27,8840.73,8846.37,8847.78,8836.88,108.164699
526,2020-05-27,8846.38,8853.15,8853.83,8846.37,81.649515
527,2020-05-27,8853.12,8837.16,8853.14,8829.4,146.25563
528,2020-05-27,8837.16,8838.63,8844.92,8835.97,109.258707
529,2020-05-27,8838.63,8843.91,8848.82,8838.41,117.590723
530,2020-05-27,8843.92,8852.24,8855.0,8843.91,100.900351
531,2020-05-27,8852.88,8847.52,8859.37,8840.47,131.99423
532,2020-05-27,8847.49,8853.48,8855.24,8844.01,240.184538
533,2020-05-27,8853.48,8853.35,8856.92,8843.34,158.635349
534,2020-05-27,8853.35,8855.98,8860.0,8849.13,111.166184
535,2020-05-27,8855.99,8854.55,8862.5,8851.64,111.13764
536,2020-05-27,8854.55,8847.36,8858.52,8841.68,199.947238
537,2020-05-27,8847.35,8844.28,8851.75,8839.44,109.351045
538,2020-05-27,8844.89,8872.3,8879.99,8844.0,269.073295
539,2020-05-27,8872.3,8870.59,8873.8,8864.95,141.348647
540,2020-05-27,8870.58,8863.65,8875.0,8858.91,166.051623
541,2020-05-27,8863.65,8866.95,8870.0,8860.91,126.078075
542,2020-05-27,8866.96,8936.3,8944.0,8866.96,1385.547239
543,2020-05-27,8936.3,8937.56,8955.0,8930.0,657.27215
544,2020-05-27,8937.57,8923.31,8955.0,8921.33,501.841102
545,2020-05-27,8923.3,8935.67,8939.51,8922.97,219.11718
546,2020-05-27,8936.37,8924.41,8936.38,8912.91,341.890753
547,2020-05-27,8924.41,8920.77,8935.87,8913.87,271.258971
548,2020-05-27,8920.77,8924.94,8927.94,8914.99,192.430371
549,2020-05-27,8924.95,8930.0,8931.92,8914.06,255.655376
550,2020-05-27,8930.0,8922.51,8938.16,8916.0,277.391443
551,2020-05-27,8922.33,8930.69,8935.97,8913.33,208.718989
552,2020-05-27,8930.95,8927.56,8932.81,8918.07,200.639593
553,2020-05-27,8928.48,8920.0,8929.89,8912.0,147.807825
554,2020-05-27,8920.0,8926.52,8927.58,8917.01,111.891297
555,2020-05-27,8926.87,8918.94,8940.0,8915.97,383.964471
556,2020-05-27,8918.15,8909.21,8920.57,8902.91,276.005945
557,2020-05-27,8909.21,8918.62,8923.0,8906.4,216.418642
558,2020-05-27,8918.95,8916.87,8918.95,8910.0,103.58021
559,2020-05-27,8916.87,8922.95,8926.99,8916.87,237.700276
560,2020-05-27,8922.92,8918.4,8927.06,8913.77,144.164091
561,2020-05-27,8918.41,8923.57,8933.0,8917.01,167.107107
562,2020-05-27,8923.57,8940.0,8943.0,8920.85,207.824274
563,2020-05-27,8940.0,8927.99,8940.01,8927.0,185.437828
564,2020-05-27,8927.99,8923.73,8931.81,8918.51,178.879825
565,2020-05-27,8923.59,8931.75,8940.0,8923.59,202.641188
566,2020-05-27,8931.75,8949.89,8950.0,8930.0,209.379662
567,2020-05-27,8949.42,8987.23,8997.23,8937.91,1002.478854
568,2020-05-27,8986.17,9102.39,9170.0,8982.01,4135.243528
569,2020-05-27,9102.4,9121.01,9134.34,9092.17,888.8982
570,2020-05-27,9121.01,9114.42,9136.11,9109.99,801.249338
571,2020-05-27,9114.41,9123.94,9143.58,9113.65,688.518561
572,2020-05-27,9123.05,9112.0,9130.8,9101.0,549.160707
573,2020-05-27,9112.0,9128.0,9128.15,9110.54,506.329989
574,2020-05-27,9128.1,9142.81,9148.0,9127.92,657.157999
575,2020-05-27,9142.81,9135.01,9160.0,9135.0,586.380374
576,2020-05-27,9135.0,9116.32,9135.17,9116.29,458.601478
577,2020-05-27,9116.85,9119.28,9129.54,9113.25,208.33783
578,2020-05-27,9119.52,9127.86,9134.99,9116.9,284.399049
579,2020-05-27,9127.86,9135.0,9143.44,9127.0,471.839292
580,2020-05-27,9136.62,9128.53,9142.68,9122.96,377.913869
581,2020-05-27,9129.57,9129.1,9132.0,9117.0,291.945883
582,2020-05-27,9129.09,9111.76,9129.09,9107.15,487.514107
583,2020-05-27,9111.77,9119.17,9129.49,9110.65,294.231407
584,2020-05-27,9118.62,9130.47,9136.97,9117.72,268.133786
585,2020-05-27,9131.96,9150.74,9152.48,9130.46,441.641653
586,2020-05-27,9148.87,9147.99,9182.5,9144.8,908.897342
587,2020-05-27,9148.0,9163.17,9166.0,9147.99,350.973965
588,2020-05-27,9162.72,9169.51,9190.0,9158.78,583.876457
589,2020-05-27,9170.95,9177.14,9187.23,9158.52,533.061926
590,2020-05-27,9177.14,9161.16,9178.16,9150.0,410.446347
591,2020-05-27,9161.15,9170.08,9180.0,9154.11,277.736861
592,2020-05-27,9170.94,9172.0,9180.0,9165.0,612.571255
593,2020-05-27,9172.0,9161.1,9174.91,9157.0,395.48291
594,2020-05-27,9161.1,9158.71,9162.91,9153.07,249.358532
595,2020-05-27,9158.71,9143.13,9160.0,9141.33,452.89328
596,2020-05-27,9143.12,9136.33,9147.99,9125.32,418.254645
597,2020-05-27,9136.66,9145.0,9149.41,9133.62,202.320111
598,2020-05-27,9145.0,9152.47,9153.05,9135.0,263.853734
599,2020-05-27,9152.83,9152.9,9159.58,9149.2,269.150299
600,2020-05-27,9152.91,9154.44,9165.27,9151.1,253.333065
601,2020-05-27,9154.43,9160.85,9161.98,9153.75,200.607917
602,2020-05-27,9160.89,9170.65,9181.09,9160.13,648.178841
603,2020-05-27,9169.18,9170.15,9182.99,9166.15,390.010039
604,2020-05-27,9170.15,9155.96,9177.32,9153.28,368.7328
605,2020-05-27,9155.95,9138.23,9161.99,9134.0,393.742807
606,2020-05-27,9138.23,9138.0,9149.99,9126.03,366.693175
607,2020-05-27,9138.16,9149.98,9150.0,9130.97,393.458892
608,2020-05-27,9149.97,9140.07,9160.35,9139.0,579.049087
609,2020-05-27,9140.37,9147.25,9154.0,9128.14,294.667405
610,2020-05-27,9148.02,9127.87,9151.32,9120.0,407.130698
611,2020-05-27,9127.47,9139.23,9139.89,9125.18,345.945249
612,2020-05-27,9139.01,9135.0,9139.85,9120.85,249.799606
613,2020-05-27,9135.0,9138.26,9144.0,9132.56,235.897701
614,2020-05-27,9138.22,9138.0,9149.0,9133.22,515.812137
615,2020-05-27,9138.0,9146.6,9149.0,9135.22,229.881138
616,2020-05-27,9146.59,9142.41,9154.32,9138.93,207.374102
617,2020-05-27,9142.41,9147.84,9152.0,9140.0,138.05125
618,2020-05-27,9147.84,9168.01,9169.89,9145.26,277.792116
619,2020-05-27,9168.01,9140.47,9168.48,9140.41,206.141998
620,2020-05-27,9140.45,9144.75,9150.0,9138.33,255.901311
621,2020-05-27,9144.88,9153.02,9155.0,9141.02,185.65745
622,2020-05-27,9153.06,9169.3,9170.0,9153.06,524.32159
623,2020-05-27,9169.3,9165.92,9174.49,9164.04,240.528803
624,2020-05-27,9165.93,9156.6,9177.77,9156.6,335.436777
625,2020-05-27,9159.12,9214.02,9225.0,9157.99,1246.820506
626,2020-05-27,9214.01,9162.67,9225.0,9161.22,610.492313
627,2020-05-27,9162.08,9146.85,9164.28,9134.0,498.172406
628,2020-05-27,9146.56,9154.75,9160.0,9138.12,338.523422
629,2020-05-27,9154.75,9140.52,9164.3,9133.81,280.085052
630,2020-05-27,9140.11,9131.55,9148.42,9126.0,409.859572
631,2020-05-27,9131.56,9135.88,9145.0,9125.1,323.584475
632,2020-05-27,9135.89,9137.69,9149.0,9133.0,196.339902
633,2020-05-27,9136.17,9148.0,9150.56,9132.4,188.628774
634,2020-05-27,9148.01,9154.1,9169.43,9148.0,299.447813
635,2020-05-27,9154.11,9141.59,9154.41,9140.03,130.230048
636,2020-05-27,9141.6,9167.71,9173.71,9135.88,227.272241
637,2020-05-27,9167.76,9173.23,9190.0,9165.01,342.508683
638,2020-05-27,9173.41,9166.44,9175.06,9161.36,87.342953
639,2020-05-27,9166.51,9165.7,9174.97,9163.91,115.094734
640,2020-05-27,9166.12,9176.72,9179.86,9165.43,150.103784
641,2020-05-27,9176.71,9179.05,9187.73,9170.76,210.812131
642,2020-05-27,9179.05,9184.86,9189.5,9173.75,165.190625
643,2020-05-27,9185.0,9191.07,9196.73,9184.45,208.179567
644,2020-05-27,9191.08,9179.18,9193.95,9169.05,275.166012
645,2020-05-27,9178.54,9170.24,9179.99,9164.02,135.846443
646,2020-05-27,9170.24,9179.99,9184.25,9163.45,219.427995
647,2020-05-27,9180.0,9179.45,9180.0,9168.1,300.430643
648,2020-05-27,9179.44,9171.83,9179.45,9168.6,286.628385
649,2020-05-27,9171.82,9178.42,9181.6,9164.47,234.848369
650,2020-05-27,9178.42,9178.83,9181.6,9170.43,126.049551
651,2020-05-27,9178.97,9191.47,9199.81,9178.97,293.779468
652,2020-05-27,9190.03,9189.91,9194.71,9177.83,200.292008
653,2020-05-27,9189.59,9194.44,9196.72,9182.62,208.340636
654,2020-05-27,9194.28,9206.12,9208.0,9190.0,303.415567
655,2020-05-27,9205.07,9197.01,9218.92,9192.69,393.419415
656,2020-05-27,9197.0,9199.86,9205.24,9191.01,224.046165
657,2020-05-27,9199.6,9189.65,9206.0,9187.04,210.729913
658,2020-05-27,9189.65,9174.29,9199.12,9172.31,267.032649
659,2020-05-27,9175.16,9160.86,9179.98,9159.79,236.591669
660,2020-05-27,9161.54,9170.21,9180.0,9160.0,158.300507
661,2020-05-27,9171.68,9186.35,9189.49,9170.52,86.095658
662,2020-05-27,9186.4,9181.34,9188.28,9177.0,94.316794
663,2020-05-27,9181.34,9181.01,9184.33,9172.59,165.506476
664,2020-05-28,9182.36,9172.27,9185.0,9167.0,117.24846
665,2020-05-28,9172.28,9176.77,9178.99,9170.96,53.215139
666,2020-05-28,9176.76,9163.05,9180.0,9163.05,103.715501
667,2020-05-28,9163.05,9166.21,9169.69,9160.01,81.985869
668,2020-05-28,9166.21,9166.01,9176.11,9166.0,106.0888
669,2020-05-28,9166.01,9169.48,9173.33,9165.16,88.17987
670,2020-05-28,9169.39,9149.94,9172.36,9145.01,229.016784
671,2020-05-28,9149.95,9156.96,9165.35,9148.18,136.773767
672,2020-05-28,9156.97,9150.65,9162.22,9138.39,190.689214
673,2020-05-28,9150.66,9156.41,9161.98,9145.78,118.764289
674,2020-05-28,9156.32,9165.01,9165.98,9153.0,66.139069
675,2020-05-28,9165.01,9160.79,9168.11,9156.44,72.17471
676,2020-05-28,9160.79,9150.0,9162.88,9150.0,119.214065
677,2020-05-28,9150.01,9160.89,9161.0,9145.0,106.440243
678,2020-05-28,9160.9,9148.91,9163.74,9148.53,103.28181
679,2020-05-28,9149.3,9146.5,9157.42,9145.0,76.937901
680,2020-05-28,9147.21,9157.07,9160.0,9137.71,154.369092
681,2020-05-28,9157.06,9159.99,9160.01,9153.3,91.791426
682,2020-05-28,9159.99,9167.11,9174.22,9158.39,160.334266
683,2020-05-28,9167.46,9159.68,9169.99,9155.18,106.515616
684,2020-05-28,9159.69,9163.82,9165.85,9154.87,71.300017
685,2020-05-28,9163.81,9160.99,9164.53,9155.12,54.547915
686,2020-05-28,9161.0,9166.75,9167.0,9160.03,84.769634
687,2020-05-28,9166.98,9169.13,9171.61,9165.0,70.479972
688,2020-05-28,9168.71,9164.99,9172.92,9161.33,75.660709
689,2020-05-28,9164.99,9160.14,9164.99,9157.21,102.135795
690,2020-05-28,9160.6,9171.76,9173.78,9159.61,71.806418
691,2020-05-28,9171.75,9170.82,9176.0,9169.0,87.27686
692,2020-05-28,9170.83,9165.0,9172.0,9160.0,113.358062
693,2020-05-28,9165.01,9165.21,9170.04,9162.01,174.130011
694,2020-05-28,9167.25,9157.62,9168.38,9157.62,158.099542
695,2020-05-28,9159.45,9153.14,9163.41,9151.33,94.964217
696,2020-05-28,9154.39,9160.11,9162.0,9152.22,59.726966
697,2020-05-28,9160.09,9153.62,9161.72,9153.62,97.214068
698,2020-05-28,9153.65,9144.99,9154.13,9143.0,146.407904
699,2020-05-28,9144.99,9142.55,9149.36,9142.5,98.996639
700,2020-05-28,9142.54,9084.0,9142.54,9061.99,1407.865772
701,2020-05-28,9083.47,9102.36,9107.0,9080.0,300.071221
702,2020-05-28,9102.36,9090.05,9102.4,9072.58,220.25146
703,2020-05-28,9090.05,9087.84,9091.97,9075.28,242.999716
704,2020-05-28,9087.23,9092.0,9094.24,9085.53,129.835776
705,2020-05-28,9090.79,9069.71,9092.0,9052.39,351.672724
706,2020-05-28,9069.19,9100.0,9100.0,9052.32,282.221013
707,2020-05-28,9100.0,9094.01,9104.68,9087.19,150.968102
708,2020-05-28,9094.01,9122.99,9128.56,9093.61,251.978996
709,2020-05-28,9120.95,9115.11,9126.9,9109.0,220.057414
710,2020-05-28,9115.11,9107.04,9130.0,9103.4,94.866476
711,2020-05-28,9107.54,9113.38,9116.57,9093.47,134.790541
712,2020-05-28,9113.83,9105.44,9116.67,9096.01,93.007359
713,2020-05-28,9105.58,9120.0,9120.0,9099.37,127.99115
714,2020-05-28,9119.99,9112.39,9123.95,9110.0,90.653884
715,2020-05-28,9112.4,9100.28,9114.0,9096.0,112.071616
716,2020-05-28,9100.27,9101.09,9108.64,9099.37,84.388768
717,2020-05-28,9101.08,9104.01,9104.93,9085.72,161.587822
718,2020-05-28,9104.09,9097.85,9114.0,9095.0,93.411271
719,2020-05-28,9097.84,9104.96,9107.49,9095.0,113.098786
720,2020-05-28,9103.87,9121.2,9126.41,9103.73,130.162803
721,2020-05-28,9121.19,9121.27,9130.0,9116.06,104.236667
722,2020-05-28,9121.47,9138.29,9149.0,9115.56,207.406508
723,2020-05-28,9138.82,9136.48,9148.75,9131.81,97.53038
724,2020-05-28,9135.99,9161.6,9169.48,9135.01,219.335539
725,2020-05-28,9161.79,9179.82,9200.0,9157.33,446.041929
726,2020-05-28,9180.41,9185.0,9198.62,9171.63,225.480106
727,2020-05-28,9184.99,9182.53,9205.42,9177.19,336.640296
728,2020-05-28,9182.54,9181.43,9185.0,9165.63,163.804692
729,2020-05-28,9181.42,9204.07,9204.83,9173.51,337.385577
730,2020-05-28,9204.07,9187.07,9210.48,9175.5,414.933876
731,2020-05-28,9186.97,9179.26,9186.97,9163.57,196.708394
732,2020-05-28,9178.89,9190.78,9197.76,9174.25,399.338799
733,2020-05-28,9190.78,9195.95,9204.0,9185.01,306.836032
734,2020-05-28,9196.4,9184.12,9197.84,9179.53,160.682625
735,2020-05-28,9184.55,9197.96,9202.0,9182.09,211.909027
736,2020-05-28,9197.96,9185.0,9199.0,9179.0,93.99728
737,2020-05-28,9185.0,9189.99,9190.0,9177.01,93.267242
738,2020-05-28,9189.99,9197.05,9203.3,9186.52,194.897164
739,2020-05-28,9197.05,9186.66,9198.66,9180.01,221.323876
740,2020-05-28,9187.48,9183.38,9193.86,9180.0,61.276896
741,2020-05-28,9183.48,9266.45,9280.78,9183.48,1231.502026
742,2020-05-28,9267.21,9238.92,9279.8,9233.79,606.888831
743,2020-05-28,9238.92,9234.96,9248.81,9222.0,293.279455
744,2020-05-28,9234.96,9243.69,9250.92,9233.1,282.286267
745,2020-05-28,9243.98,9254.97,9255.0,9230.0,207.600032
746,2020-05-28,9254.98,9246.55,9255.0,9242.28,194.563683
747,2020-05-28,9246.61,9229.01,9247.64,9226.0,201.165982
748,2020-05-28,9229.01,9216.91,9242.89,9216.89,273.47737
749,2020-05-28,9216.91,9235.44,9236.05,9216.91,119.750669
750,2020-05-28,9235.44,9230.0,9237.88,9225.73,107.391959
751,2020-05-28,9230.01,9223.09,9237.56,9222.01,96.133457
752,2020-05-28,9222.67,9220.05,9228.11,9218.01,112.69882
753,2020-05-28,9220.04,9217.9,9229.99,9215.43,86.774462
754,2020-05-28,9217.89,9223.0,9223.42,9205.0,131.172785
755,2020-05-28,9223.0,9222.77,9232.6,9219.07,122.900817
756,2020-05-28,9222.77,9208.51,9222.77,9205.0,97.639172
757,2020-05-28,9208.52,9193.65,9216.44,9183.42,291.528311
758,2020-05-28,9193.85,9174.62,9200.0,9158.47,264.760585
759,2020-05-28,9176.33,9186.46,9189.99,9170.5,99.978838
760,2020-05-28,9186.59,9184.82,9199.91,9178.19,132.461425
761,2020-05-28,9183.12,9194.27,9198.43,9178.31,102.753026
762,2020-05-28,9193.95,9205.68,9213.01,9183.4,199.869958
763,2020-05-28,9205.62,9190.23,9205.85,9188.88,78.574978
764,2020-05-28,9190.23,9203.16,9206.4,9189.72,130.299502
765,2020-05-28,9202.03,9204.37,9206.35,9193.02,85.124891
766,2020-05-28,9204.37,9193.99,9205.74,9190.35,68.622856
767,2020-05-28,9193.99,9184.5,9197.54,9179.59,130.501645
768,2020-05-28,9184.41,9188.09,9192.6,9183.3,65.691187
769,2020-05-28,9187.61,9187.82,9193.29,9183.74,118.443979
770,2020-05-28,9187.63,9187.76,9194.41,9183.74,67.846849
771,2020-05-28,9187.75,9185.86,9196.17,9185.0,74.404829
772,2020-05-28,9185.71,9177.7,9185.71,9172.17,104.877061
773,2020-05-28,9177.71,9185.99,9186.22,9174.97,97.715683
774,2020-05-28,9185.99,9178.8,9192.85,9174.27,62.398599
775,2020-05-28,9178.77,9176.48,9182.26,9167.04,139.089754
776,2020-05-28,9177.04,9168.93,9177.04,9155.67,81.216571
777,2020-05-28,9168.99,9172.91,9175.9,9159.9,127.839032
778,2020-05-28,9171.6,9163.88,9172.0,9134.83,376.709251
779,2020-05-28,9163.89,9180.22,9185.54,9163.89,99.849824
780,2020-05-28,9180.22,9182.57,9188.26,9176.78,147.52415
781,2020-05-28,9182.13,9186.43,9188.88,9177.17,80.98365
782,2020-05-28,9186.46,9190.51,9193.05,9181.18,106.607996
783,2020-05-28,9190.51,9199.94,9201.72,9184.88,156.724592
784,2020-05-28,9200.47,9193.59,9201.2,9187.94,142.816806
785,2020-05-28,9193.59,9179.82,9193.59,9175.23,138.632118
786,2020-05-28,9179.82,9172.03,9181.25,9169.78,92.609494
787,2020-05-28,9171.88,9177.09,9182.72,9169.22,79.257228
788,2020-05-28,9177.1,9180.06,9182.43,9167.01,112.618877
789,2020-05-28,9180.07,9181.91,9189.99,9178.88,83.516731
790,2020-05-28,9181.83,9174.43,9181.92,9170.18,85.784354
791,2020-05-28,9174.6,9172.34,9179.99,9170.0,63.160395
792,2020-05-28,9172.35,9169.77,9180.0,9165.0,72.731171
793,2020-05-28,9169.76,9162.64,9170.0,9159.38,98.388505
794,2020-05-28,9162.95,9175.35,9175.36,9161.61,117.822775
795,2020-05-28,9175.35,9161.93,9176.41,9160.28,139.386727
796,2020-05-28,9162.3,9146.81,9162.3,9141.28,236.991807
797,2020-05-28,9146.76,9151.14,9156.81,9120.01,476.341844
798,2020-05-28,9150.82,9158.73,9163.0,9148.69,136.221309
799,2020-05-28,9158.73,9160.24,9162.82,9151.36,102.717278
800,2020-05-28,9160.25,9162.14,9168.03,9157.9,78.593318
801,2020-05-28,9162.95,9167.75,9177.36,9162.95,122.05021
802,2020-05-28,9167.75,9164.86,9169.82,9155.1,87.210199
803,2020-05-28,9164.86,9167.76,9170.0,9156.0,116.625776
804,2020-05-28,9167.71,9175.6,9177.06,9164.9,105.90667
805,2020-05-28,9175.6,9169.65,9179.85,9166.02,98.95593
806,2020-05-28,9169.65,9161.41,9174.08,9158.91,118.161537
807,2020-05-28,9161.41,9158.01,9171.77,9155.04,172.286514
808,2020-05-28,9159.04,9152.61,9172.01,9147.08,165.087854
809,2020-05-28,9152.84,9153.95,9161.33,9151.0,111.577021
810,2020-05-28,9153.49,9164.12,9165.33,9147.0,145.251618
811,2020-05-28,9164.12,9164.35,9167.46,9155.86,125.673602
812,2020-05-28,9164.88,9165.01,9170.93,9156.61,90.468639
813,2020-05-28,9165.01,9170.56,9172.0,9155.41,156.071668
814,2020-05-28,9170.15,9176.53,9179.92,9168.16,109.479597
815,2020-05-28,9176.69,9170.42,9178.0,9170.0,70.470426
816,2020-05-28,9170.42,9167.15,9174.15,9165.35,87.113417
817,2020-05-28,9167.43,9175.39,9177.62,9166.79,100.936589
818,2020-05-28,9175.09,9175.03,9177.19,9167.76,80.972443
819,2020-05-28,9175.0,9181.95,9182.94,9170.87,105.747815
820,2020-05-28,9181.95,9158.77,9181.95,9156.43,149.095209
821,2020-05-28,9158.35,9142.2,9163.0,9140.18,215.845956
822,2020-05-28,9142.0,9136.76,9147.42,9127.0,321.196787
823,2020-05-28,9137.78,9145.62,9150.55,9126.36,197.6618
824,2020-05-28,9145.83,9141.09,9147.78,9135.01,109.233415
825,2020-05-28,9141.64,9150.44,9156.11,9138.04,134.664507
826,2020-05-28,9150.06,9135.71,9150.5,9115.24,231.841543
827,2020-05-28,9135.73,9139.87,9142.04,9110.0,238.829598
828,2020-05-28,9139.65,9145.06,9147.99,9135.9,110.954413
829,2020-05-28,9144.01,9143.95,9148.14,9138.15,77.056289
830,2020-05-28,9144.4,9154.63,9155.55,9143.53,87.421735
831,2020-05-28,9154.62,9165.51,9168.0,9149.01,193.598749
832,2020-05-28,9165.51,9172.41,9172.99,9155.64,191.174657
833,2020-05-28,9172.06,9166.15,9178.0,9164.97,233.855802
834,2020-05-28,9165.71,9168.71,9173.49,9160.99,133.390001
835,2020-05-28,9168.69,9175.87,9177.99,9168.38,157.024066
836,2020-05-28,9175.86,9172.92,9179.0,9170.0,106.459841
837,2020-05-28,9172.92,9190.33,9191.9,9170.0,202.732242
838,2020-05-28,9191.15,9178.13,9192.73,9176.0,203.077839
839,2020-05-28,9178.03,9184.53,9188.96,9177.84,132.647292
840,2020-05-28,9184.53,9181.98,9197.0,9180.0,229.760067
841,2020-05-28,9181.98,9185.02,9190.61,9174.13,222.424229
842,2020-05-28,9185.03,9186.0,9191.0,9184.01,60.54647
843,2020-05-28,9186.0,9183.15,9186.0,9179.26,157.97499
844,2020-05-28,9183.44,9182.15,9185.29,9174.18,149.806994
845,2020-05-28,9182.39,9198.75,9205.92,9182.32,256.738854
846,2020-05-28,9198.75,9193.32,9200.0,9186.11,262.369076
847,2020-05-28,9193.33,9187.69,9193.6,9186.0,132.866265
848,2020-05-28,9187.69,9186.87,9190.19,9182.84,121.012279
849,2020-05-28,9186.42,9202.41,9202.89,9183.59,157.428674
850,2020-05-28,9202.88,9192.97,9204.98,9185.98,114.106572
851,2020-05-28,9191.93,9190.0,9195.92,9188.18,96.131735
852,2020-05-28,9190.01,9191.15,9193.42,9182.49,108.159027
853,2020-05-28,9191.77,9186.28,9193.17,9181.36,124.564012
854,2020-05-28,9186.31,9187.74,9190.82,9180.84,142.974783
855,2020-05-28,9187.74,9190.47,9192.93,9186.14,76.709732
856,2020-05-28,9190.46,9182.48,9190.49,9180.0,135.305091
857,2020-05-28,9182.49,9181.4,9186.8,9176.93,91.186199
858,2020-05-28,9180.95,9179.19,9184.17,9174.65,142.516976
859,2020-05-28,9179.19,9176.71,9184.53,9173.61,107.790308
860,2020-05-28,9176.57,9171.42,9176.66,9163.02,161.193768
861,2020-05-28,9171.17,9166.9,9171.6,9164.01,66.238399
862,2020-05-28,9166.76,9158.9,9179.02,9157.0,192.113862
863,2020-05-28,9158.97,9168.47,9172.22,9156.16,146.666769
864,2020-05-28,9168.47,9181.73,9184.58,9161.56,103.770313
865,2020-05-28,9181.73,9226.4,9232.05,9181.65,584.836591
866,2020-05-28,9226.39,9231.49,9238.82,9213.73,280.417127
867,2020-05-28,9231.71,9227.59,9243.66,9227.58,258.899141
868,2020-05-28,9227.58,9226.5,9236.47,9220.0,174.053903
869,2020-05-28,9226.49,9227.52,9240.01,9226.49,199.445431
870,2020-05-28,9228.51,9245.41,9250.0,9225.63,242.032185
871,2020-05-28,9245.42,9251.54,9255.02,9237.93,557.284299
872,2020-05-28,9250.66,9264.0,9269.0,9242.96,415.225629
873,2020-05-28,9264.01,9266.89,9280.0,9258.01,833.963098
874,2020-05-28,9267.22,9254.11,9276.69,9251.65,640.764088
875,2020-05-28,9254.12,9326.85,9350.0,9253.17,1951.640393
876,2020-05-28,9326.85,9351.98,9380.5,9324.18,1054.087488
877,2020-05-28,9350.01,9339.37,9365.0,9334.56,706.892694
878,2020-05-28,9339.41,9348.0,9356.26,9337.95,369.191563
879,2020-05-28,9348.32,9344.11,9351.85,9336.57,411.440505
880,2020-05-28,9344.11,9346.55,9355.34,9340.61,469.164112
881,2020-05-28,9346.66,9366.0,9374.5,9344.86,391.839706
882,2020-05-28,9366.0,9404.54,9425.0,9360.0,1554.428265
883,2020-05-28,9404.53,9393.78,9422.0,9382.88,683.617163
884,2020-05-28,9393.71,9404.92,9412.82,9391.87,437.494855
885,2020-05-28,9404.11,9423.62,9440.0,9403.83,627.789721
886,2020-05-28,9423.62,9413.16,9452.09,9400.0,1159.031475
887,2020-05-28,9413.18,9393.18,9415.48,9378.86,701.310917
888,2020-05-28,9393.93,9390.63,9400.24,9375.86,457.409052
889,2020-05-28,9390.63,9404.08,9405.25,9386.81,318.634161
890,2020-05-28,9404.72,9399.69,9406.26,9395.0,283.425454
891,2020-05-28,9399.97,9396.47,9407.95,9392.28,238.68793
892,2020-05-28,9396.49,9402.91,9407.14,9394.33,376.644064
893,2020-05-28,9402.46,9405.01,9416.0,9400.89,240.983634
894,2020-05-28,9405.01,9400.01,9411.52,9400.0,271.303068
895,2020-05-28,9400.01,9402.32,9408.72,9396.9,299.993313
896,2020-05-28,9402.85,9406.44,9410.57,9398.25,287.825537
897,2020-05-28,9407.5,9411.51,9414.0,9388.65,364.7342
898,2020-05-28,9411.06,9434.43,9438.29,9410.03,503.652811
899,2020-05-28,9434.87,9473.01,9498.21,9432.25,1287.064557
900,2020-05-28,9473.01,9463.39,9479.97,9446.19,425.953805
901,2020-05-28,9464.47,9458.34,9470.01,9452.03,312.035565
902,2020-05-28,9458.34,9470.0,9476.0,9458.34,696.700025
903,2020-05-28,9469.99,9456.66,9494.0,9441.68,592.051587
904,2020-05-28,9454.78,9437.58,9463.6,9425.72,413.008847
905,2020-05-28,9437.57,9443.78,9448.6,9427.0,383.399893
906,2020-05-28,9443.22,9437.95,9453.99,9433.01,388.56737
907,2020-05-28,9437.95,9448.67,9455.11,9420.4,375.072135
908,2020-05-28,9448.94,9458.5,9474.17,9448.17,327.683349
909,2020-05-28,9458.54,9466.65,9469.15,9458.54,200.972347
910,2020-05-28,9466.85,9444.61,9484.0,9441.23,398.751151
911,2020-05-28,9444.61,9442.99,9453.17,9438.0,178.705247
912,2020-05-28,9442.78,9443.57,9449.78,9435.0,234.357614
913,2020-05-28,9444.05,9463.0,9463.0,9443.68,141.479247
914,2020-05-28,9462.99,9454.53,9466.72,9451.0,192.710734
915,2020-05-28,9454.53,9476.57,9478.9,9451.01,281.248238
916,2020-05-28,9476.92,9463.22,9483.0,9461.5,309.216448
917,2020-05-28,9463.94,9464.2,9484.0,9462.0,252.893176
918,2020-05-28,9464.5,9500.0,9518.0,9463.26,1151.399578
919,2020-05-28,9500.0,9470.81,9500.18,9461.62,432.186819
920,2020-05-28,9470.71,9475.25,9489.11,9463.61,259.300428
921,2020-05-28,9475.28,9499.81,9512.5,9473.0,1040.462954
922,2020-05-28,9499.81,9475.51,9537.8,9462.02,1313.156692
923,2020-05-28,9475.47,9456.86,9475.98,9454.13,571.180104
924,2020-05-28,9456.86,9474.31,9477.43,9456.86,313.622864
925,2020-05-28,9474.26,9464.96,9487.75,9464.45,302.212302
926,2020-05-28,9465.64,9462.82,9470.85,9455.0,312.583246
927,2020-05-28,9462.82,9446.56,9463.0,9442.2,286.977964
928,2020-05-28,9446.56,9458.0,9466.3,9446.55,245.921488
929,2020-05-28,9459.38,9467.99,9474.95,9454.53,214.188186
930,2020-05-28,9467.97,9455.06,9472.23,9452.62,142.979662
931,2020-05-28,9455.06,9449.04,9460.0,9434.0,369.326574
932,2020-05-28,9448.78,9449.87,9454.4,9441.58,152.037831
933,2020-05-28,9449.86,9447.78,9455.0,9445.13,141.22897
934,2020-05-28,9448.12,9455.31,9462.3,9447.77,136.561125
935,2020-05-28,9455.31,9448.44,9465.0,9448.43,118.088781
936,2020-05-28,9448.44,9460.04,9462.53,9447.44,178.334027
937,2020-05-28,9459.49,9463.38,9464.34,9451.71,129.687286
938,2020-05-28,9462.88,9462.46,9465.99,9455.35,199.870433
939,2020-05-28,9462.64,9449.1,9463.4,9444.09,158.532505
940,2020-05-28,9449.11,9445.1,9457.17,9443.85,131.982803
941,2020-05-28,9445.1,9449.14,9458.13,9441.67,206.589728
942,2020-05-28,9448.8,9468.14,9469.78,9446.62,211.946344
943,2020-05-28,9468.13,9470.01,9475.32,9460.68,232.004711
944,2020-05-28,9470.0,9469.01,9474.05,9460.4,250.058615
945,2020-05-28,9469.6,9466.11,9476.73,9460.67,202.925421
946,2020-05-28,9466.11,9467.85,9480.0,9466.11,243.622912
947,2020-05-28,9467.38,9463.55,9475.0,9460.3,190.141634
948,2020-05-28,9463.58,9454.83,9463.58,9447.96,187.970521
949,2020-05-28,9454.93,9447.45,9457.53,9444.12,124.435178
950,2020-05-28,9446.69,9447.58,9462.75,9439.87,188.359633
951,2020-05-28,9446.78,9446.0,9452.08,9444.0,116.878087
952,2020-05-29,9445.99,9455.0,9457.87,9445.77,113.295431
953,2020-05-29,9454.97,9445.91,9458.99,9445.87,87.339696
954,2020-05-29,9445.91,9436.47,9455.0,9436.0,128.667856
955,2020-05-29,9436.67,9443.55,9446.61,9434.0,172.499313
956,2020-05-29,9443.47,9444.85,9460.69,9441.85,230.012406
957,2020-05-29,9444.88,9425.97,9447.49,9424.39,337.575622
958,2020-05-29,9426.0,9435.0,9448.11,9391.38,792.135234
959,2020-05-29,9434.8,9448.99,9454.54,9434.8,232.015784
960,2020-05-29,9448.99,9448.65,9459.59,9445.0,141.075135
961,2020-05-29,9448.84,9442.16,9448.99,9438.17,123.285969
962,2020-05-29,9442.17,9470.47,9480.0,9442.13,283.699786
963,2020-05-29,9470.64,9458.72,9478.17,9456.56,201.071448
964,2020-05-29,9458.38,9461.12,9466.17,9454.84,96.017975
965,2020-05-29,9461.13,9461.33,9468.49,9458.01,122.20605
966,2020-05-29,9461.33,9453.9,9461.34,9450.0,88.416601
967,2020-05-29,9453.89,9454.48,9459.22,9450.0,95.154579
968,2020-05-29,9454.47,9462.97,9463.81,9446.5,185.934065
969,2020-05-29,9462.97,9452.25,9472.99,9446.52,158.92224
970,2020-05-29,9452.24,9451.94,9459.59,9450.33,204.748338
971,2020-05-29,9451.94,9450.07,9459.03,9447.25,176.950952
972,2020-05-29,9450.06,9453.11,9457.78,9447.5,117.728736
973,2020-05-29,9453.11,9450.01,9455.01,9450.0,58.773987
974,2020-05-29,9450.01,9450.01,9455.63,9450.0,100.239784
975,2020-05-29,9450.0,9432.8,9450.01,9425.86,359.961532
976,2020-05-29,9432.8,9426.47,9434.95,9425.86,149.420104
977,2020-05-29,9426.32,9432.95,9439.13,9423.68,101.554181
978,2020-05-29,9432.96,9434.83,9437.08,9425.24,116.126615
979,2020-05-29,9434.83,9442.9,9449.16,9432.05,104.103496
980,2020-05-29,9442.86,9442.43,9445.43,9436.88,80.520359
981,2020-05-29,9442.43,9450.18,9454.0,9440.07,97.835442
982,2020-05-29,9451.49,9449.84,9452.0,9445.6,66.355268
983,2020-05-29,9449.84,9443.89,9450.98,9442.45,87.15111
984,2020-05-29,9443.74,9436.51,9448.08,9434.06,156.408459
985,2020-05-29,9436.03,9449.86,9485.67,9431.21,275.200558
986,2020-05-29,9449.99,9438.18,9450.93,9434.9,138.279967
987,2020-05-29,9439.12,9430.97,9444.94,9430.07,94.364949
988,2020-05-29,9430.53,9435.54,9437.58,9410.01,189.033634
989,2020-05-29,9435.55,9415.0,9435.99,9413.68,118.444989
990,2020-05-29,9415.0,9433.0,9434.82,9410.12,128.24098
991,2020-05-29,9433.0,9437.96,9443.67,9427.24,119.411212
992,2020-05-29,9438.04,9436.08,9441.0,9434.7,57.50654
993,2020-05-29,9436.08,9436.75,9437.27,9427.34,71.502251
994,2020-05-29,9436.74,9442.12,9445.33,9436.73,118.360038
995,2020-05-29,9442.12,9436.55,9457.3,9436.0,214.601941
996,2020-05-29,9436.72,9452.63,9458.07,9434.98,175.323866
997,2020-05-29,9452.5,9449.8,9454.55,9446.83,118.761977
998,2020-05-29,9449.8,9456.66,9461.17,9448.47,171.088875
999,2020-05-29,9456.32,9462.43,9467.5,9455.56,75.40405
1000,2020-05-29,9462.12,9486.72,9500.0,9460.33,1099.946714
